patronAccount,accountName
1900046331,Ofelia
1900046332,Hayley
1900046333,Jeanene
1900046334,Corrinne
1900046335,Malcolm
1900046336,Xavier
1900046337,Geraldo
1900046338,Cecile
1900046339,Mariann
1900046340,Lemuel
1900046341,Esta
1900046342,Todd
1900046343,Armida
1900046344,Toya
1900046345,Ehtel
1900046346,Audie
1900046347,Quiana
1900046348,Ruben
1900046349,Jaqueline
1900046350,Valeri
1900046351,Pamala
1900046352,Kala
1900046353,Tessie
1900046354,Chi
1900046355,Domingo
,
,
,
,
,
,
,
,
,
,
,
,
,
,
,
,
,
,
,
,
,
,
,
,
,
,
,
,
,
,
,
,
,
,
,
,
,
,
,
,
,
,
,
,
,
,
,
,
,
,
,
,
,
,
,
,
,
,
,
,
,
,
,
,
,
,
,
,
,
,
,
,
,
,
